{
  "tokens": ["\u0011", "\u0012", " ", "a", "e", "n", "o", "t"],
  "stats": {
    "ntokens": 8,
    "scanned_bytes": 67178514,
    "used_tokens": 8,
    "total_tokens": 309988067,
    "bytes_per_token": 0.21671322593201628,
    "bits_per_byte": 13.84317910038915
  }
}
